{"cameraAperture": [20.954999923706055, 15.290800094604492], "cameraApertureOffset": [0.0, 0.0], "cameraFisheyeLensP": [], "cameraFisheyeLensS": [], "cameraFisheyeMaxFOV": 0.0, "cameraFisheyeNominalHeight": 0, "cameraFisheyeNominalWidth": 0, "cameraFisheyeOpticalCentre": [0.0, 0.0], "cameraFisheyePolynomial": [0.0, 0.0, 0.0, 0.0, 0.0, 0.0], "cameraFocalLength": 24.0, "cameraFocusDistance": 400.0, "cameraFStop": 0.0, "cameraModel": "pinhole", "cameraNearFar": [0.0010000000474974513, 1000000.0], "cameraProjection": [2.2906228624246854, 0.0, 0.0, 0.0, 0.0, 3.054163816566247, 0.0, 0.0, 0.0, 0.0, 1.0000000484974513e-09, -1.0, 0.0, 0.0, 0.0010000000484974513, 0.0], "cameraViewTransform": [0.18372526982775733, 0.44854365458803525, -0.8746734334341746, 0.0, -0.965815773671031, -0.08317572390962955, -0.2455232988543795, 0.0, -0.1828795137650624, 0.8898822331527462, 0.41792905446275885, 0.0, 0.10885930713640296, -0.4217763743310484, -2.2163108067794024, 1.0], "metersPerSceneUnit": 1.0, "renderProductResolution": [640, 480]}